{
 "model_a": "claude-fable-5",
 "model_b": "claude-sonnet-5",
 "n_categories": 31,
 "obs_diff_bits": 0.6514217259902937,
 "n_perm": 10000,
 "p_two_sided": 9.999000099990002e-05
}
