{
 "per_model": {
  "claude-3-haiku": {
   "surprisal": 2.112771756681864,
   "modal_avoid": 0.4462809917355372,
   "novel_rate": 0.0743801652892562,
   "self_distinct": 0.5241935483870968,
   "n_answers": 121,
   "type": "explorer",
   "ci90": [
    1.6668860323603456,
    2.596170983064777
   ],
   "family": "claude",
   "origin": "us-frontier",
   "open": false
  },
  "claude-fable-5": {
   "surprisal": 1.7052827531895476,
   "modal_avoid": 0.4435483870967742,
   "novel_rate": 0.0,
   "self_distinct": 0.3225806451612903,
   "n_answers": 124,
   "type": "consensus-fixed",
   "ci90": [
    1.3576827732109293,
    2.0634437234745033
   ],
   "family": "claude",
   "origin": "us-frontier",
   "open": false
  },
  "claude-haiku-4.5": {
   "surprisal": 1.6541980253579662,
   "modal_avoid": 0.4274193548387097,
   "novel_rate": 0.016129032258064516,
   "self_distinct": 0.41935483870967744,
   "n_answers": 124,
   "type": "consensus-sampler",
   "ci90": [
    1.285928376385148,
    2.0360118845795023
   ],
   "family": "claude",
   "origin": "us-frontier",
   "open": false
  },
  "claude-opus-4.8": {
   "surprisal": 1.2549746802266446,
   "modal_avoid": 0.3790322580645161,
   "novel_rate": 0.0,
   "self_distinct": 0.2903225806451613,
   "n_answers": 124,
   "type": "consensus-fixed",
   "ci90": [
    0.977952069406967,
    1.5237188768710195
   ],
   "family": "claude",
   "origin": "us-frontier",
   "open": false
  },
  "claude-sonnet-4.6": {
   "surprisal": 1.6420080187960546,
   "modal_avoid": 0.43548387096774194,
   "novel_rate": 0.016129032258064516,
   "self_distinct": 0.3064516129032258,
   "n_answers": 124,
   "type": "consensus-fixed",
   "ci90": [
    1.2293612194162788,
    2.115296154850208
   ],
   "family": "claude",
   "origin": "us-frontier",
   "open": false
  },
  "claude-sonnet-5": {
   "surprisal": 1.053861027199254,
   "modal_avoid": 0.18548387096774194,
   "novel_rate": 0.0,
   "self_distinct": 0.29838709677419356,
   "n_answers": 124,
   "type": "consensus-fixed",
   "ci90": [
    0.8322579729110021,
    1.287559803402962
   ],
   "family": "claude",
   "origin": "us-frontier",
   "open": false
  },
  "command-a": {
   "surprisal": 1.9931830975448317,
   "modal_avoid": 0.49193548387096775,
   "novel_rate": 0.04032258064516129,
   "self_distinct": 0.4838709677419355,
   "n_answers": 124,
   "type": "explorer",
   "ci90": [
    1.6008058109423209,
    2.407554650986741
   ],
   "family": "cohere",
   "origin": "enterprise",
   "open": true
  },
  "deepseek-chat-v3-0324": {
   "surprisal": 1.4272479794434956,
   "modal_avoid": 0.3225806451612903,
   "novel_rate": 0.0,
   "self_distinct": 0.3387096774193548,
   "n_answers": 124,
   "type": "consensus-fixed",
   "ci90": [
    1.0651410830897468,
    1.8045967007359494
   ],
   "family": "deepseek",
   "origin": "chinese",
   "open": true
  },
  "deepseek-r1": {
   "surprisal": 1.559352000633188,
   "modal_avoid": 0.3225806451612903,
   "novel_rate": 0.024193548387096774,
   "self_distinct": 0.45161290322580644,
   "n_answers": 124,
   "type": "consensus-sampler",
   "ci90": [
    1.25880563148897,
    1.9052954727401326
   ],
   "family": "deepseek",
   "origin": "chinese",
   "open": true
  },
  "deepseek-v3.2": {
   "surprisal": 2.6259918513964973,
   "modal_avoid": 0.5241935483870968,
   "novel_rate": 0.10483870967741936,
   "self_distinct": 0.5564516129032258,
   "n_answers": 124,
   "type": "explorer",
   "ci90": [
    2.07335456987346,
    3.2231581501224076
   ],
   "family": "deepseek",
   "origin": "chinese",
   "open": true
  },
  "deepseek-v4-flash": {
   "surprisal": 1.7638865566191526,
   "modal_avoid": 0.3790322580645161,
   "novel_rate": 0.056451612903225805,
   "self_distinct": 0.47580645161290325,
   "n_answers": 124,
   "type": "explorer",
   "ci90": [
    1.392606511743812,
    2.1344074621840954
   ],
   "family": "deepseek",
   "origin": "chinese",
   "open": true
  },
  "ernie-4.5-vl-424b-a47b": {
   "surprisal": 1.2908235649234239,
   "modal_avoid": 0.25806451612903225,
   "novel_rate": 0.0,
   "self_distinct": 0.3064516129032258,
   "n_answers": 124,
   "type": "consensus-fixed",
   "ci90": [
    1.0196934256342842,
    1.5611712600076122
   ],
   "family": "ernie",
   "origin": "chinese",
   "open": true
  },
  "gemini-2.5-flash": {
   "surprisal": 1.708605204674291,
   "modal_avoid": 0.3951612903225806,
   "novel_rate": 0.056451612903225805,
   "self_distinct": 0.3790322580645161,
   "n_answers": 124,
   "type": "consensus-fixed",
   "ci90": [
    1.2558612323631058,
    2.172999974020054
   ],
   "family": "gemini",
   "origin": "us-frontier",
   "open": false
  },
  "gemini-3.1-pro-preview": {
   "surprisal": 1.5553833793652327,
   "modal_avoid": 0.45161290322580644,
   "novel_rate": 0.016129032258064516,
   "self_distinct": 0.3790322580645161,
   "n_answers": 124,
   "type": "consensus-fixed",
   "ci90": [
    1.1995933976645035,
    1.9272176827401661
   ],
   "family": "gemini",
   "origin": "us-frontier",
   "open": false
  },
  "gemini-3.5-flash": {
   "surprisal": 1.578553637960408,
   "modal_avoid": 0.3467741935483871,
   "novel_rate": 0.0,
   "self_distinct": 0.3467741935483871,
   "n_answers": 124,
   "type": "consensus-fixed",
   "ci90": [
    1.1764540504209176,
    2.0181307783236395
   ],
   "family": "gemini",
   "origin": "us-frontier",
   "open": false
  },
  "gemma-3-27b-it": {
   "surprisal": 1.774977275884066,
   "modal_avoid": 0.4032258064516129,
   "novel_rate": 0.03225806451612903,
   "self_distinct": 0.3387096774193548,
   "n_answers": 124,
   "type": "true-contrarian",
   "ci90": [
    1.3316606206826902,
    2.297998467934202
   ],
   "family": "gemini",
   "origin": "small-open",
   "open": true
  },
  "glm-4.7": {
   "surprisal": 1.4334359269046772,
   "modal_avoid": 0.3629032258064516,
   "novel_rate": 0.0,
   "self_distinct": 0.3870967741935484,
   "n_answers": 124,
   "type": "consensus-fixed",
   "ci90": [
    1.1432168518760848,
    1.7354538681664797
   ],
   "family": "glm",
   "origin": "chinese",
   "open": true
  },
  "gpt-3.5-turbo": {
   "surprisal": 1.8870646354311862,
   "modal_avoid": 0.41935483870967744,
   "novel_rate": 0.07258064516129033,
   "self_distinct": 0.4838709677419355,
   "n_answers": 124,
   "type": "explorer",
   "ci90": [
    1.496895795748148,
    2.348482191516177
   ],
   "family": "gpt",
   "origin": "us-frontier",
   "open": false
  },
  "gpt-4-turbo": {
   "surprisal": 2.053828768184139,
   "modal_avoid": 0.5080645161290323,
   "novel_rate": 0.008064516129032258,
   "self_distinct": 0.3951612903225806,
   "n_answers": 124,
   "type": "explorer",
   "ci90": [
    1.6743971319739148,
    2.4517184306791697
   ],
   "family": "gpt",
   "origin": "us-frontier",
   "open": false
  },
  "gpt-4.1": {
   "surprisal": 1.6105448094508734,
   "modal_avoid": 0.3709677419354839,
   "novel_rate": 0.016129032258064516,
   "self_distinct": 0.3870967741935484,
   "n_answers": 124,
   "type": "consensus-fixed",
   "ci90": [
    1.246250685372641,
    1.994895898843438
   ],
   "family": "gpt",
   "origin": "us-frontier",
   "open": false
  },
  "gpt-4o": {
   "surprisal": 1.8381818581074443,
   "modal_avoid": 0.3790322580645161,
   "novel_rate": 0.016129032258064516,
   "self_distinct": 0.47580645161290325,
   "n_answers": 124,
   "type": "explorer",
   "ci90": [
    1.4518634081048643,
    2.2150308620951287
   ],
   "family": "gpt",
   "origin": "us-frontier",
   "open": false
  },
  "gpt-4o-mini-2024-07-18": {
   "surprisal": 2.097891878237522,
   "modal_avoid": 0.45161290322580644,
   "novel_rate": 0.08064516129032258,
   "self_distinct": 0.4032258064516129,
   "n_answers": 124,
   "type": "explorer",
   "ci90": [
    1.6330505500433095,
    2.6004507561159573
   ],
   "family": "gpt",
   "origin": "us-frontier",
   "open": false
  },
  "gpt-5": {
   "surprisal": 1.3177619841468473,
   "modal_avoid": 0.2903225806451613,
   "novel_rate": 0.0,
   "self_distinct": 0.3870967741935484,
   "n_answers": 124,