{
 "per_model": {
  "claude-3-haiku": {
   "surprisal": 2.202396742021764,
   "modal_avoid": 0.4596774193548387,
   "novel_rate": 0.08870967741935484,
   "self_distinct": 0.5161290322580645,
   "n_answers": 124,
   "type": "explorer",
   "ci90": [
    1.71477844705162,
    2.7060032117588224
   ],
   "family": "claude",
   "origin": "us-frontier",
   "open": false
  },
  "claude-fable-5": {
   "surprisal": 1.7579818903636066,
   "modal_avoid": 0.4435483870967742,
   "novel_rate": 0.0,
   "self_distinct": 0.3225806451612903,
   "n_answers": 124,
   "type": "true-contrarian",
   "ci90": [
    1.4046380810248245,
    2.1281380933980034
   ],
   "family": "claude",
   "origin": "us-frontier",
   "open": false
  },
  "claude-haiku-4.5": {
   "surprisal": 1.634604799745501,
   "modal_avoid": 0.4274193548387097,
   "novel_rate": 0.016129032258064516,
   "self_distinct": 0.41935483870967744,
   "n_answers": 124,
   "type": "consensus-sampler",
   "ci90": [
    1.2754746528490226,
    2.0136499185859322
   ],
   "family": "claude",
   "origin": "us-frontier",
   "open": false
  },
  "claude-opus-4.8": {
   "surprisal": 1.265089137584992,
   "modal_avoid": 0.3790322580645161,
   "novel_rate": 0.0,
   "self_distinct": 0.2903225806451613,
   "n_answers": 124,
   "type": "consensus-fixed",
   "ci90": [
    0.9873059124204596,
    1.534191736335824
   ],
   "family": "claude",
   "origin": "us-frontier",
   "open": false
  },
  "claude-sonnet-4.6": {
   "surprisal": 1.665024712213229,
   "modal_avoid": 0.43548387096774194,
   "novel_rate": 0.016129032258064516,
   "self_distinct": 0.3064516129032258,
   "n_answers": 124,
   "type": "consensus-fixed",
   "ci90": [
    1.2482700691528898,
    2.133997838617991
   ],
   "family": "claude",
   "origin": "us-frontier",
   "open": false
  },
  "claude-sonnet-5": {
   "surprisal": 1.0654196371096831,
   "modal_avoid": 0.20161290322580644,
   "novel_rate": 0.0,
   "self_distinct": 0.29838709677419356,
   "n_answers": 124,
   "type": "consensus-fixed",
   "ci90": [
    0.8439020659383837,
    1.2981482665259658
   ],
   "family": "claude",
   "origin": "us-frontier",
   "open": false
  },
  "command-a": {
   "surprisal": 2.008754525813633,
   "modal_avoid": 0.5,
   "novel_rate": 0.04032258064516129,
   "self_distinct": 0.4838709677419355,
   "n_answers": 124,
   "type": "explorer",
   "ci90": [
    1.6135760451333219,
    2.419302635316154
   ],
   "family": "cohere",
   "origin": "enterprise",
   "open": true
  },
  "deepseek-chat-v3-0324": {
   "surprisal": 1.4092468715505315,
   "modal_avoid": 0.3225806451612903,
   "novel_rate": 0.0,
   "self_distinct": 0.3387096774193548,
   "n_answers": 124,
   "type": "consensus-fixed",
   "ci90": [
    1.0562625871827416,
    1.7759571778417782
   ],
   "family": "deepseek",
   "origin": "chinese",
   "open": true
  },
  "deepseek-r1": {
   "surprisal": 1.5531000485963378,
   "modal_avoid": 0.3225806451612903,
   "novel_rate": 0.024193548387096774,
   "self_distinct": 0.45161290322580644,
   "n_answers": 124,
   "type": "consensus-sampler",
   "ci90": [
    1.254024946120731,
    1.9011989244146235
   ],
   "family": "deepseek",
   "origin": "chinese",
   "open": true
  },
  "deepseek-v3.2": {
   "surprisal": 2.5929805315253307,
   "modal_avoid": 0.5241935483870968,
   "novel_rate": 0.11290322580645161,
   "self_distinct": 0.5564516129032258,
   "n_answers": 124,
   "type": "explorer",
   "ci90": [
    2.0526132175982266,
    3.1698283377339385
   ],
   "family": "deepseek",
   "origin": "chinese",
   "open": true
  },
  "deepseek-v4-flash": {
   "surprisal": 1.7445692163992819,
   "modal_avoid": 0.3709677419354839,
   "novel_rate": 0.056451612903225805,
   "self_distinct": 0.47580645161290325,
   "n_answers": 124,
   "type": "explorer",
   "ci90": [
    1.3856547458713904,
    2.1020686791324503
   ],
   "family": "deepseek",
   "origin": "chinese",
   "open": true
  },
  "ernie-4.5-vl-424b-a47b": {
   "surprisal": 1.2980750605229647,
   "modal_avoid": 0.2661290322580645,
   "novel_rate": 0.0,
   "self_distinct": 0.3064516129032258,
   "n_answers": 124,
   "type": "consensus-fixed",
   "ci90": [
    1.0289334922460858,
    1.5613405082911538
   ],
   "family": "ernie",
   "origin": "chinese",
   "open": true
  },
  "gemini-2.5-flash": {
   "surprisal": 1.6885222021492317,
   "modal_avoid": 0.3951612903225806,
   "novel_rate": 0.056451612903225805,
   "self_distinct": 0.3790322580645161,
   "n_answers": 124,
   "type": "consensus-fixed",
   "ci90": [
    1.2417237609349854,
    2.1462949731608547
   ],
   "family": "gemini",
   "origin": "us-frontier",
   "open": false
  },
  "gemini-3.1-pro-preview": {
   "surprisal": 1.5388208881948344,
   "modal_avoid": 0.45161290322580644,
   "novel_rate": 0.016129032258064516,
   "self_distinct": 0.3790322580645161,
   "n_answers": 124,
   "type": "consensus-fixed",
   "ci90": [
    1.1885376946109594,
    1.8972985890116538
   ],
   "family": "gemini",
   "origin": "us-frontier",
   "open": false
  },
  "gemini-3.5-flash": {
   "surprisal": 1.6469659731614794,
   "modal_avoid": 0.3548387096774194,
   "novel_rate": 0.024193548387096774,
   "self_distinct": 0.3467741935483871,
   "n_answers": 124,
   "type": "consensus-fixed",
   "ci90": [
    1.2366218184292126,
    2.0975980694348286
   ],
   "family": "gemini",
   "origin": "us-frontier",
   "open": false
  },
  "gemma-3-27b-it": {
   "surprisal": 1.7459372500821393,
   "modal_avoid": 0.3951612903225806,
   "novel_rate": 0.03225806451612903,
   "self_distinct": 0.3387096774193548,
   "n_answers": 124,
   "type": "true-contrarian",
   "ci90": [
    1.3141657276421157,
    2.2523996703177755
   ],
   "family": "gemini",
   "origin": "small-open",
   "open": true
  },
  "glm-4.7": {
   "surprisal": 1.4367697473870433,
   "modal_avoid": 0.3629032258064516,
   "novel_rate": 0.0,
   "self_distinct": 0.3870967741935484,
   "n_answers": 124,
   "type": "consensus-fixed",
   "ci90": [
    1.1451227127002945,
    1.7387520275760797
   ],
   "family": "glm",
   "origin": "chinese",
   "open": true
  },
  "gpt-3.5-turbo": {
   "surprisal": 1.8473908712270715,
   "modal_avoid": 0.4274193548387097,
   "novel_rate": 0.07258064516129033,
   "self_distinct": 0.4838709677419355,
   "n_answers": 124,
   "type": "explorer",
   "ci90": [
    1.4635890700792267,
    2.298210593054872
   ],
   "family": "gpt",
   "origin": "us-frontier",
   "open": false
  },
  "gpt-4-turbo": {
   "surprisal": 2.0980826199585354,
   "modal_avoid": 0.5161290322580645,
   "novel_rate": 0.008064516129032258,
   "self_distinct": 0.3951612903225806,
   "n_answers": 124,
   "type": "explorer",
   "ci90": [
    1.7173791159301905,
    2.497631306364204
   ],
   "family": "gpt",
   "origin": "us-frontier",
   "open": false
  },
  "gpt-4.1": {
   "surprisal": 1.6303191824677272,
   "modal_avoid": 0.3709677419354839,
   "novel_rate": 0.016129032258064516,
   "self_distinct": 0.3870967741935484,
   "n_answers": 124,
   "type": "consensus-fixed",
   "ci90": [
    1.263124651121815,
    2.012116838344294
   ],
   "family": "gpt",
   "origin": "us-frontier",
   "open": false
  },
  "gpt-4o": {
   "surprisal": 1.8222043915685915,
   "modal_avoid": 0.3870967741935484,
   "novel_rate": 0.016129032258064516,
   "self_distinct": 0.47580645161290325,
   "n_answers": 124,
   "type": "explorer",
   "ci90": [
    1.4460101369357337,
    2.188526411982879
   ],
   "family": "gpt",
   "origin": "us-frontier",
   "open": false
  },
  "gpt-4o-mini-2024-07-18": {
   "surprisal": 2.122259799265165,
   "modal_avoid": 0.45161290322580644,
   "novel_rate": 0.08064516129032258,
   "self_distinct": 0.4032258064516129,
   "n_answers": 124,
   "type": "explorer",
   "ci90": [
    1.6631903037896882,
    2.6082923494643113
   ],
   "family": "gpt",
   "origin": "us-frontier",
   "open": false
  },
  "gpt-5": {
   "surprisal": 1.354571971971724,
   "modal_avoid": 0.29838709677419356,
   "novel_rate": 0.0,
   "self_distinct": 0.3870967741935484,
   "n_answers": 124,