{
 "per_model": {
  "claude-3-haiku": {
   "surprisal": 2.079149055780534,
   "modal_avoid": 0.4462809917355372,
   "novel_rate": 0.0743801652892562,
   "self_distinct": 0.5241935483870968,
   "n_answers": 121,
   "type": "explorer",
   "ci90": [
    1.6434510624102572,
    2.553858901156083
   ],
   "family": "claude",
   "origin": "us-frontier",
   "open": false
  },
  "claude-fable-5": {
   "surprisal": 1.7564519914234966,
   "modal_avoid": 0.4435483870967742,
   "novel_rate": 0.0,
   "self_distinct": 0.3225806451612903,
   "n_answers": 124,
   "type": "true-contrarian",
   "ci90": [
    1.4028623632687731,
    2.126664105222069
   ],
   "family": "claude",
   "origin": "us-frontier",
   "open": false
  },
  "claude-haiku-4.5": {
   "surprisal": 1.6330749008053909,
   "modal_avoid": 0.4274193548387097,
   "novel_rate": 0.016129032258064516,
   "self_distinct": 0.41935483870967744,
   "n_answers": 124,
   "type": "consensus-sampler",
   "ci90": [
    1.2739655514973522,
    2.0101690918660777
   ],
   "family": "claude",
   "origin": "us-frontier",
   "open": false
  },
  "claude-opus-4.8": {
   "surprisal": 1.263559238644882,
   "modal_avoid": 0.3790322580645161,
   "novel_rate": 0.0,
   "self_distinct": 0.2903225806451613,
   "n_answers": 124,
   "type": "consensus-fixed",
   "ci90": [
    0.9859271407832607,
    1.5305266841448997
   ],
   "family": "claude",
   "origin": "us-frontier",
   "open": false
  },
  "claude-sonnet-4.6": {
   "surprisal": 1.6634948132731189,
   "modal_avoid": 0.43548387096774194,
   "novel_rate": 0.016129032258064516,
   "self_distinct": 0.3064516129032258,
   "n_answers": 124,
   "type": "consensus-fixed",
   "ci90": [
    1.2481683227789535,
    2.131094410043846
   ],
   "family": "claude",
   "origin": "us-frontier",
   "open": false
  },
  "claude-sonnet-5": {
   "surprisal": 1.0638897381695733,
   "modal_avoid": 0.20161290322580644,
   "novel_rate": 0.0,
   "self_distinct": 0.29838709677419356,
   "n_answers": 124,
   "type": "consensus-fixed",
   "ci90": [
    0.8422708431943384,
    1.2964880293409928
   ],
   "family": "claude",
   "origin": "us-frontier",
   "open": false
  },
  "command-a": {
   "surprisal": 2.0072246268735228,
   "modal_avoid": 0.5,
   "novel_rate": 0.04032258064516129,
   "self_distinct": 0.4838709677419355,
   "n_answers": 124,
   "type": "explorer",
   "ci90": [
    1.6128728348318868,
    2.417073379608059
   ],
   "family": "cohere",
   "origin": "enterprise",
   "open": true
  },
  "deepseek-chat-v3-0324": {
   "surprisal": 1.407716972610422,
   "modal_avoid": 0.3225806451612903,
   "novel_rate": 0.0,
   "self_distinct": 0.3387096774193548,
   "n_answers": 124,
   "type": "consensus-fixed",
   "ci90": [
    1.0554060453765026,
    1.7751304892031037
   ],
   "family": "deepseek",
   "origin": "chinese",
   "open": true
  },
  "deepseek-r1": {
   "surprisal": 1.551570149656228,
   "modal_avoid": 0.3225806451612903,
   "novel_rate": 0.024193548387096774,
   "self_distinct": 0.45161290322580644,
   "n_answers": 124,
   "type": "consensus-sampler",
   "ci90": [
    1.2532270774471097,
    1.8996378572537311
   ],
   "family": "deepseek",
   "origin": "chinese",
   "open": true
  },
  "deepseek-v3.2": {
   "surprisal": 2.5914506325852207,
   "modal_avoid": 0.5241935483870968,
   "novel_rate": 0.11290322580645161,
   "self_distinct": 0.5564516129032258,
   "n_answers": 124,
   "type": "explorer",
   "ci90": [
    2.051951684724106,
    3.1665569548050145
   ],
   "family": "deepseek",
   "origin": "chinese",
   "open": true
  },
  "deepseek-v4-flash": {
   "surprisal": 1.7430393174591718,
   "modal_avoid": 0.3709677419354839,
   "novel_rate": 0.056451612903225805,
   "self_distinct": 0.47580645161290325,
   "n_answers": 124,
   "type": "explorer",
   "ci90": [
    1.3838570012061628,
    2.1012009190559646
   ],
   "family": "deepseek",
   "origin": "chinese",
   "open": true
  },
  "ernie-4.5-vl-424b-a47b": {
   "surprisal": 1.2965451615828552,
   "modal_avoid": 0.2661290322580645,
   "novel_rate": 0.0,
   "self_distinct": 0.3064516129032258,
   "n_answers": 124,
   "type": "consensus-fixed",
   "ci90": [
    1.0281932655287542,
    1.5605832034886449
   ],
   "family": "ernie",
   "origin": "chinese",
   "open": true
  },
  "gemini-2.5-flash": {
   "surprisal": 1.6869923032091219,
   "modal_avoid": 0.3951612903225806,
   "novel_rate": 0.056451612903225805,
   "self_distinct": 0.3790322580645161,
   "n_answers": 124,
   "type": "consensus-fixed",
   "ci90": [
    1.2405250247197626,
    2.1434807101068474
   ],
   "family": "gemini",
   "origin": "us-frontier",
   "open": false
  },
  "gemini-3.1-pro-preview": {
   "surprisal": 1.5372909892547242,
   "modal_avoid": 0.45161290322580644,
   "novel_rate": 0.016129032258064516,
   "self_distinct": 0.3790322580645161,
   "n_answers": 124,
   "type": "consensus-fixed",
   "ci90": [
    1.1869795483983792,
    1.895720152736604
   ],
   "family": "gemini",
   "origin": "us-frontier",
   "open": false
  },
  "gemini-3.5-flash": {
   "surprisal": 1.6454360742213696,
   "modal_avoid": 0.3548387096774194,
   "novel_rate": 0.024193548387096774,
   "self_distinct": 0.3467741935483871,
   "n_answers": 124,
   "type": "consensus-fixed",
   "ci90": [
    1.2351738650142583,
    2.096688025941525
   ],
   "family": "gemini",
   "origin": "us-frontier",
   "open": false
  },
  "gemma-3-27b-it": {
   "surprisal": 1.7444073511420297,
   "modal_avoid": 0.3951612903225806,
   "novel_rate": 0.03225806451612903,
   "self_distinct": 0.3387096774193548,
   "n_answers": 124,
   "type": "true-contrarian",
   "ci90": [
    1.3126503411489026,
    2.25023904522722
   ],
   "family": "gemini",
   "origin": "small-open",
   "open": true
  },
  "glm-4.7": {
   "surprisal": 1.4352398484469335,
   "modal_avoid": 0.3629032258064516,
   "novel_rate": 0.0,
   "self_distinct": 0.3870967741935484,
   "n_answers": 124,
   "type": "consensus-fixed",
   "ci90": [
    1.1441198264564139,
    1.7365049799350685
   ],
   "family": "glm",
   "origin": "chinese",
   "open": true
  },
  "gpt-3.5-turbo": {
   "surprisal": 1.8458609722869619,
   "modal_avoid": 0.4274193548387097,
   "novel_rate": 0.07258064516129033,
   "self_distinct": 0.4838709677419355,
   "n_answers": 124,
   "type": "explorer",
   "ci90": [
    1.4635545021968361,
    2.295199332509591
   ],
   "family": "gpt",
   "origin": "us-frontier",
   "open": false
  },
  "gpt-4-turbo": {
   "surprisal": 2.096552721018426,
   "modal_avoid": 0.5161290322580645,
   "novel_rate": 0.008064516129032258,
   "self_distinct": 0.3951612903225806,
   "n_answers": 124,
   "type": "explorer",
   "ci90": [
    1.71722203927942,
    2.4939933304644932
   ],
   "family": "gpt",
   "origin": "us-frontier",
   "open": false
  },
  "gpt-4.1": {
   "surprisal": 1.6287892835276174,
   "modal_avoid": 0.3709677419354839,
   "novel_rate": 0.016129032258064516,
   "self_distinct": 0.3870967741935484,
   "n_answers": 124,
   "type": "consensus-fixed",
   "ci90": [
    1.2614438129357404,
    2.0100403741536375
   ],
   "family": "gpt",
   "origin": "us-frontier",
   "open": false
  },
  "gpt-4o": {
   "surprisal": 1.820674492628482,
   "modal_avoid": 0.3870967741935484,
   "novel_rate": 0.016129032258064516,
   "self_distinct": 0.47580645161290325,
   "n_answers": 124,
   "type": "explorer",
   "ci90": [
    1.4449905692164025,
    2.1849006019537125
   ],
   "family": "gpt",
   "origin": "us-frontier",
   "open": false
  },
  "gpt-4o-mini-2024-07-18": {
   "surprisal": 2.1207299003250553,
   "modal_avoid": 0.45161290322580644,
   "novel_rate": 0.08064516129032258,
   "self_distinct": 0.4032258064516129,
   "n_answers": 124,
   "type": "explorer",
   "ci90": [
    1.6624939533958774,
    2.6066321122793394
   ],
   "family": "gpt",
   "origin": "us-frontier",
   "open": false
  },
  "gpt-5": {
   "surprisal": 1.3530420730316142,
   "modal_avoid": 0.29838709677419356,
   "novel_rate": 0.0,
   "self_distinct": 0.3870967741935484,
   "n_answers": 124,