{
 "per_model": {
  "claude-3-haiku": {
   "surprisal": 2.0424882877102677,
   "modal_avoid": 0.44166666666666665,
   "novel_rate": 0.075,
   "self_distinct": 0.5,
   "n_answers": 120,
   "type": "explorer",
   "ci90": [
    1.5778597344779814,
    2.5532477371617452
   ],
   "family": "claude",
   "origin": "us-frontier",
   "open": false
  },
  "claude-fable-5": {
   "surprisal": 1.8997493548925486,
   "modal_avoid": 0.49166666666666664,
   "novel_rate": 0.03333333333333333,
   "self_distinct": 0.325,
   "n_answers": 120,
   "type": "true-contrarian",
   "ci90": [
    1.426584423555999,
    2.370192579210183
   ],
   "family": "claude",
   "origin": "us-frontier",
   "open": false
  },
  "claude-haiku-4.5": {
   "surprisal": 1.645253009573446,
   "modal_avoid": 0.35833333333333334,
   "novel_rate": 0.025,
   "self_distinct": 0.425,
   "n_answers": 120,
   "type": "explorer",
   "ci90": [
    1.259291317987427,
    2.057038072948866
   ],
   "family": "claude",
   "origin": "us-frontier",
   "open": false
  },
  "claude-opus-4.8": {
   "surprisal": 1.2550675493816696,
   "modal_avoid": 0.425,
   "novel_rate": 0.0,
   "self_distinct": 0.2916666666666667,
   "n_answers": 120,
   "type": "consensus-fixed",
   "ci90": [
    0.9570047624059751,
    1.554506399776449
   ],
   "family": "claude",
   "origin": "us-frontier",
   "open": false
  },
  "claude-sonnet-5": {
   "surprisal": 1.041167227592651,
   "modal_avoid": 0.25,
   "novel_rate": 0.0,
   "self_distinct": 0.3,
   "n_answers": 120,
   "type": "consensus-fixed",
   "ci90": [
    0.8110574111260892,
    1.2804002893113127
   ],
   "family": "claude",
   "origin": "us-frontier",
   "open": false
  },
  "command-a": {
   "surprisal": 1.8577087498082803,
   "modal_avoid": 0.43333333333333335,
   "novel_rate": 0.025,
   "self_distinct": 0.475,
   "n_answers": 120,
   "type": "explorer",
   "ci90": [
    1.5292263041098149,
    2.2216725011460468
   ],
   "family": "cohere",
   "origin": "enterprise",
   "open": true
  },
  "deepseek-chat-v3-0324": {
   "surprisal": 1.3395913934645198,
   "modal_avoid": 0.3416666666666667,
   "novel_rate": 0.0,
   "self_distinct": 0.3333333333333333,
   "n_answers": 120,
   "type": "consensus-fixed",
   "ci90": [
    1.0075811898483664,
    1.7089905947956476
   ],
   "family": "deepseek",
   "origin": "chinese",
   "open": true
  },
  "deepseek-r1": {
   "surprisal": 1.457473537782549,
   "modal_avoid": 0.3333333333333333,
   "novel_rate": 0.016666666666666666,
   "self_distinct": 0.44166666666666665,
   "n_answers": 120,
   "type": "consensus-sampler",
   "ci90": [
    1.155407953204424,
    1.7613027993464951
   ],
   "family": "deepseek",
   "origin": "chinese",
   "open": true
  },
  "deepseek-v3.2": {
   "surprisal": 2.4486124311594257,
   "modal_avoid": 0.48333333333333334,
   "novel_rate": 0.10833333333333334,
   "self_distinct": 0.5416666666666666,
   "n_answers": 120,
   "type": "explorer",
   "ci90": [
    1.9567477265690203,
    2.9390973843167214
   ],
   "family": "deepseek",
   "origin": "chinese",
   "open": true
  },
  "deepseek-v4-flash": {
   "surprisal": 1.7060346477527253,
   "modal_avoid": 0.36666666666666664,
   "novel_rate": 0.058333333333333334,
   "self_distinct": 0.475,
   "n_answers": 120,
   "type": "explorer",
   "ci90": [
    1.362241598492193,
    2.084384726522407
   ],
   "family": "deepseek",
   "origin": "chinese",
   "open": true
  },
  "ernie-4.5-vl-424b-a47b": {
   "surprisal": 1.2878374680724567,
   "modal_avoid": 0.3416666666666667,
   "novel_rate": 0.0,
   "self_distinct": 0.30833333333333335,
   "n_answers": 120,
   "type": "consensus-fixed",
   "ci90": [
    1.004516107258034,
    1.5968886324897198
   ],
   "family": "ernie",
   "origin": "chinese",
   "open": true
  },
  "gemini-2.5-flash": {
   "surprisal": 1.5192593474264413,
   "modal_avoid": 0.31666666666666665,
   "novel_rate": 0.03333333333333333,
   "self_distinct": 0.35833333333333334,
   "n_answers": 120,
   "type": "consensus-fixed",
   "ci90": [
    1.1233733354156965,
    1.9219221415511858
   ],
   "family": "gemini",
   "origin": "us-frontier",
   "open": false
  },
  "gemini-3.1-pro-preview": {
   "surprisal": 1.4342638230082192,
   "modal_avoid": 0.4166666666666667,
   "novel_rate": 0.008333333333333333,
   "self_distinct": 0.36666666666666664,
   "n_answers": 120,
   "type": "consensus-fixed",
   "ci90": [
    1.1192427141620143,
    1.7781613895180772
   ],
   "family": "gemini",
   "origin": "us-frontier",
   "open": false
  },
  "gemini-3.5-flash": {
   "surprisal": 1.617044458324256,
   "modal_avoid": 0.375,
   "novel_rate": 0.025,
   "self_distinct": 0.35,
   "n_answers": 120,
   "type": "true-contrarian",
   "ci90": [
    1.1833800016612797,
    2.0751274735341796
   ],
   "family": "gemini",
   "origin": "us-frontier",
   "open": false
  },
  "gemma-3-27b-it": {
   "surprisal": 1.5824789537347679,
   "modal_avoid": 0.3416666666666667,
   "novel_rate": 0.03333333333333333,
   "self_distinct": 0.3416666666666667,
   "n_answers": 120,
   "type": "consensus-fixed",
   "ci90": [
    1.1526928227563389,
    2.018793666162938
   ],
   "family": "gemini",
   "origin": "small-open",
   "open": true
  },
  "glm-4.7": {
   "surprisal": 1.3559201820790177,
   "modal_avoid": 0.35833333333333334,
   "novel_rate": 0.0,
   "self_distinct": 0.375,
   "n_answers": 120,
   "type": "consensus-fixed",
   "ci90": [
    1.0665418995741411,
    1.6599551205170497
   ],
   "family": "glm",
   "origin": "chinese",
   "open": true
  },
  "gpt-3.5-turbo": {
   "surprisal": 1.6323817825895863,
   "modal_avoid": 0.35833333333333334,
   "novel_rate": 0.041666666666666664,
   "self_distinct": 0.475,
   "n_answers": 120,
   "type": "explorer",
   "ci90": [
    1.3454465186208628,
    1.9356829045282202
   ],
   "family": "gpt",
   "origin": "us-frontier",
   "open": false
  },
  "gpt-4o-mini-2024-07-18": {
   "surprisal": 2.1900679322502294,
   "modal_avoid": 0.4666666666666667,
   "novel_rate": 0.11666666666666667,
   "self_distinct": 0.39166666666666666,
   "n_answers": 120,
   "type": "explorer",
   "ci90": [
    1.6832209631944255,
    2.7434945054950406
   ],
   "family": "gpt",
   "origin": "us-frontier",
   "open": false
  },
  "gpt-5.4": {
   "surprisal": 1.4743247239032191,
   "modal_avoid": 0.35833333333333334,
   "novel_rate": 0.008333333333333333,
   "self_distinct": 0.375,
   "n_answers": 120,
   "type": "consensus-fixed",
   "ci90": [
    1.1429710907107407,
    1.8334834870752075
   ],
   "family": "gpt",
   "origin": "us-frontier",
   "open": false
  },
  "gpt-5.5": {
   "surprisal": 1.2538125632796522,
   "modal_avoid": 0.275,
   "novel_rate": 0.0,
   "self_distinct": 0.3333333333333333,
   "n_answers": 120,
   "type": "consensus-fixed",
   "ci90": [
    0.9387032897425364,
    1.5949817756423355
   ],
   "family": "gpt",
   "origin": "us-frontier",
   "open": false
  },
  "granite-4.1-8b": {
   "surprisal": 1.3074832716892246,
   "modal_avoid": 0.3333333333333333,
   "novel_rate": 0.016666666666666666,
   "self_distinct": 0.3416666666666667,
   "n_answers": 120,
   "type": "consensus-fixed",
   "ci90": [
    1.0081591391334888,
    1.5996411394222012
   ],
   "family": "granite",
   "origin": "enterprise",
   "open": true
  },
  "grok-4.3": {
   "surprisal": 1.4087130430543702,
   "modal_avoid": 0.4,
   "novel_rate": 0.0,
   "self_distinct": 0.4166666666666667,
   "n_answers": 120,
   "type": "consensus-sampler",
   "ci90": [
    1.1008017345830123,
    1.7467088060028617
   ],
   "family": "grok",
   "origin": "persona",
   "open": false
  },
  "hermes-4-70b": {
   "surprisal": 3.0540315436454244,
   "modal_avoid": 0.5966386554621849,
   "novel_rate": 0.20168067226890757,
   "self_distinct": 0.7,
   "n_answers": 119,
   "type": "explorer",
   "ci90": [
    2.598005057773767,
    3.560805702102178
   ],
   "family": "hermes",
   "origin": "persona",
   "open": true
  },
  "hunyuan-a13b-instruct": {
   "surprisal": 1.6155489299106558,