{
 "per_model": {
  "claude-3-haiku": {
   "surprisal": 2.078093672294168,
   "modal_avoid": 0.45,
   "novel_rate": 0.075,
   "self_distinct": 0.5,
   "n_answers": 120,
   "type": "explorer",
   "ci90": [
    1.6134929418125092,
    2.594476038112809
   ],
   "family": "claude",
   "origin": "us-frontier",
   "open": false
  },
  "claude-fable-5": {
   "surprisal": 1.7557372377561582,
   "modal_avoid": 0.4583333333333333,
   "novel_rate": 0.0,
   "self_distinct": 0.325,
   "n_answers": 120,
   "type": "true-contrarian",
   "ci90": [
    1.361084003842238,
    2.143227137054069
   ],
   "family": "claude",
   "origin": "us-frontier",
   "open": false
  },
  "claude-haiku-4.5": {
   "surprisal": 1.628247577450782,
   "modal_avoid": 0.44166666666666665,
   "novel_rate": 0.016666666666666666,
   "self_distinct": 0.425,
   "n_answers": 120,
   "type": "consensus-sampler",
   "ci90": [
    1.2495989507869145,
    2.0401380868485903
   ],
   "family": "claude",
   "origin": "us-frontier",
   "open": false
  },
  "claude-opus-4.8": {
   "surprisal": 1.2464147265515895,
   "modal_avoid": 0.39166666666666666,
   "novel_rate": 0.0,
   "self_distinct": 0.2916666666666667,
   "n_answers": 120,
   "type": "consensus-fixed",
   "ci90": [
    0.9603143464762451,
    1.5364845564503322
   ],
   "family": "claude",
   "origin": "us-frontier",
   "open": false
  },
  "claude-sonnet-4.6": {
   "surprisal": 1.48191848652861,
   "modal_avoid": 0.4166666666666667,
   "novel_rate": 0.0,
   "self_distinct": 0.3,
   "n_answers": 120,
   "type": "consensus-fixed",
   "ci90": [
    1.1460157609308077,
    1.8250008168578769
   ],
   "family": "claude",
   "origin": "us-frontier",
   "open": false
  },
  "claude-sonnet-5": {
   "surprisal": 1.0400895760604378,
   "modal_avoid": 0.20833333333333334,
   "novel_rate": 0.0,
   "self_distinct": 0.3,
   "n_answers": 120,
   "type": "consensus-fixed",
   "ci90": [
    0.8198927615258803,
    1.275842598905015
   ],
   "family": "claude",
   "origin": "us-frontier",
   "open": false
  },
  "command-a": {
   "surprisal": 1.8779967155457653,
   "modal_avoid": 0.49166666666666664,
   "novel_rate": 0.025,
   "self_distinct": 0.475,
   "n_answers": 120,
   "type": "explorer",
   "ci90": [
    1.5493507064802177,
    2.2232920111614125
   ],
   "family": "cohere",
   "origin": "enterprise",
   "open": true
  },
  "deepseek-chat-v3-0324": {
   "surprisal": 1.3376909035813098,
   "modal_avoid": 0.31666666666666665,
   "novel_rate": 0.0,
   "self_distinct": 0.3333333333333333,
   "n_answers": 120,
   "type": "consensus-fixed",
   "ci90": [
    0.9986510287087736,
    1.697634624443502
   ],
   "family": "deepseek",
   "origin": "chinese",
   "open": true
  },
  "deepseek-r1": {
   "surprisal": 1.4559737182805201,
   "modal_avoid": 0.31666666666666665,
   "novel_rate": 0.016666666666666666,
   "self_distinct": 0.44166666666666665,
   "n_answers": 120,
   "type": "consensus-sampler",
   "ci90": [
    1.1640967309553258,
    1.7553075140569474
   ],
   "family": "deepseek",
   "origin": "chinese",
   "open": true
  },
  "deepseek-v3.2": {
   "surprisal": 2.4241394998177808,
   "modal_avoid": 0.5083333333333333,
   "novel_rate": 0.08333333333333333,
   "self_distinct": 0.5416666666666666,
   "n_answers": 120,
   "type": "explorer",
   "ci90": [
    1.9595285735937704,
    2.9335709343105214
   ],
   "family": "deepseek",
   "origin": "chinese",
   "open": true
  },
  "deepseek-v4-flash": {
   "surprisal": 1.7071053532383968,
   "modal_avoid": 0.375,
   "novel_rate": 0.058333333333333334,
   "self_distinct": 0.475,
   "n_answers": 120,
   "type": "explorer",
   "ci90": [
    1.348909021878149,
    2.083197580288585
   ],
   "family": "deepseek",
   "origin": "chinese",
   "open": true
  },
  "ernie-4.5-vl-424b-a47b": {
   "surprisal": 1.280500180254162,
   "modal_avoid": 0.275,
   "novel_rate": 0.0,
   "self_distinct": 0.30833333333333335,
   "n_answers": 120,
   "type": "consensus-fixed",
   "ci90": [
    1.0233165225287093,
    1.5634544939806985
   ],
   "family": "ernie",
   "origin": "chinese",
   "open": true
  },
  "gemini-2.5-flash": {
   "surprisal": 1.5387566477592174,
   "modal_avoid": 0.38333333333333336,
   "novel_rate": 0.03333333333333333,
   "self_distinct": 0.35833333333333334,
   "n_answers": 120,
   "type": "consensus-fixed",
   "ci90": [
    1.1593064618303293,
    1.9135346124405672
   ],
   "family": "gemini",
   "origin": "us-frontier",
   "open": false
  },
  "gemini-3.1-pro-preview": {
   "surprisal": 1.4460932733716425,
   "modal_avoid": 0.45,
   "novel_rate": 0.008333333333333333,
   "self_distinct": 0.36666666666666664,
   "n_answers": 120,
   "type": "consensus-fixed",
   "ci90": [
    1.1266321680442435,
    1.7849150115087806
   ],
   "family": "gemini",
   "origin": "us-frontier",
   "open": false
  },
  "gemini-3.5-flash": {
   "surprisal": 1.641020789980627,
   "modal_avoid": 0.36666666666666664,
   "novel_rate": 0.025,
   "self_distinct": 0.35,
   "n_answers": 120,
   "type": "true-contrarian",
   "ci90": [
    1.212283715287488,
    2.102239986098147
   ],
   "family": "gemini",
   "origin": "us-frontier",
   "open": false
  },
  "gemma-3-27b-it": {
   "surprisal": 1.6155281089931506,
   "modal_avoid": 0.375,
   "novel_rate": 0.03333333333333333,
   "self_distinct": 0.3416666666666667,
   "n_answers": 120,
   "type": "consensus-fixed",
   "ci90": [
    1.1898019951635,
    2.0663970213349767
   ],
   "family": "gemini",
   "origin": "small-open",
   "open": true
  },
  "glm-4.7": {
   "surprisal": 1.3694690246922363,
   "modal_avoid": 0.35833333333333334,
   "novel_rate": 0.0,
   "self_distinct": 0.375,
   "n_answers": 120,
   "type": "consensus-fixed",
   "ci90": [
    1.0804605751315695,
    1.6574096545968893
   ],
   "family": "glm",
   "origin": "chinese",
   "open": true
  },
  "gpt-3.5-turbo": {
   "surprisal": 1.653696850842914,
   "modal_avoid": 0.4083333333333333,
   "novel_rate": 0.041666666666666664,
   "self_distinct": 0.475,
   "n_answers": 120,
   "type": "explorer",
   "ci90": [
    1.3736797461036598,
    1.944870044037407
   ],
   "family": "gpt",
   "origin": "us-frontier",
   "open": false
  },
  "gpt-4-turbo": {
   "surprisal": 1.9655770745561318,
   "modal_avoid": 0.5,
   "novel_rate": 0.008333333333333333,
   "self_distinct": 0.4,
   "n_answers": 120,
   "type": "explorer",
   "ci90": [
    1.628885147264712,
    2.3108981924236227
   ],
   "family": "gpt",
   "origin": "us-frontier",
   "open": false
  },
  "gpt-4.1": {
   "surprisal": 1.6238191062637497,
   "modal_avoid": 0.38333333333333336,
   "novel_rate": 0.016666666666666666,
   "self_distinct": 0.39166666666666666,
   "n_answers": 120,
   "type": "consensus-fixed",
   "ci90": [
    1.2409385903021506,
    2.0317982439358864
   ],
   "family": "gpt",
   "origin": "us-frontier",
   "open": false
  },
  "gpt-4o": {
   "surprisal": 1.7257148726851823,
   "modal_avoid": 0.38333333333333336,
   "novel_rate": 0.0,
   "self_distinct": 0.4666666666666667,
   "n_answers": 120,
   "type": "explorer",
   "ci90": [
    1.389440186787252,
    2.0669613476488253
   ],
   "family": "gpt",
   "origin": "us-frontier",
   "open": false
  },
  "gpt-4o-mini-2024-07-18": {
   "surprisal": 2.035772127304974,
   "modal_avoid": 0.45,
   "novel_rate": 0.06666666666666667,
   "self_distinct": 0.39166666666666666,
   "n_answers": 120,
   "type": "true-contrarian",
   "ci90": [
    1.5823510332314152,
    2.572989036828672
   ],
   "family": "gpt",
   "origin": "us-frontier",
   "open": false
  },
  "gpt-5": {
   "surprisal": 1.3388803220845464,
   "modal_avoid": 0.30833333333333335,
   "novel_rate": 0.0,
   "self_distinct": 0.39166666666666666,
   "n_answers": 120,
   "type": "consensus-fixed",
   "ci90": [
    1.0901272513623483,
    1.5893137061683618
   ],
   "family": "gpt",
   "origin": "us-frontier",
   "open": false
  },
  "gpt-5.4": {
   "surprisal": 1.4222362352883366,
   "modal_avoid": 0.31666666666666665,
   "novel_rate": 0.0,